{
  "hash": "aaefa66d",
  "configHash": "33f9e5cc",
  "lockfileHash": "43ad9ae2",
  "browserHash": "30f70d35",
  "optimized": {
    "@angular/core": {
      "src": "../../../../../node_modules/@angular/core/fesm2022/core.mjs",
      "file": "@angular_core.js",
      "fileHash": "6e3b4766",
      "needsInterop": false
    },
    "@angular/platform-browser": {
      "src": "../../../../../node_modules/@angular/platform-browser/fesm2022/platform-browser.mjs",
      "file": "@angular_platform-browser.js",
      "fileHash": "0a07c5a5",
      "needsInterop": false
    },
    "@angular/router": {
      "src": "../../../../../node_modules/@angular/router/fesm2022/router.mjs",
      "file": "@angular_router.js",
      "fileHash": "78cad098",
      "needsInterop": false
    },
    "@angular/common/http": {
      "src": "../../../../../node_modules/@angular/common/fesm2022/http.mjs",
      "file": "@angular_common_http.js",
      "fileHash": "fa4e2893",
      "needsInterop": false
    },
    "@angular/common": {
      "src": "../../../../../node_modules/@angular/common/fesm2022/common.mjs",
      "file": "@angular_common.js",
      "fileHash": "a9347bb3",
      "needsInterop": false
    }
  },
  "chunks": {
    "chunk-74HPGAAI": {
      "file": "chunk-74HPGAAI.js"
    },
    "chunk-HXKUM5HF": {
      "file": "chunk-HXKUM5HF.js"
    },
    "chunk-XFCOUONH": {
      "file": "chunk-XFCOUONH.js"
    },
    "chunk-5FUJWLSI": {
      "file": "chunk-5FUJWLSI.js"
    }
  }
}